{"count":1,"self":84.217433599999993,"total":85.0547145,"children":{"InitializeActuators":{"count":2,"self":0.0010113,"total":0.0010113,"children":null},"InitializeSensors":{"count":2,"self":0.0019971999999999998,"total":0.0019971999999999998,"children":null},"AgentSendState":{"count":4026,"self":0.099215299999999992,"total":0.13777799999999998,"children":{"CollectObservations":{"count":1612,"self":0.0069857999999999995,"total":0.0069857999999999995,"children":null},"WriteActionMask":{"count":1612,"self":0.0031360999999999997,"total":0.0031360999999999997,"children":null},"RequestDecision":{"count":1612,"self":0.0284408,"total":0.0284408,"children":null}}},"DecideAction":{"count":4026,"self":0.62531969999999992,"total":0.63806319999999994,"children":{"RayPerceptionSensor.Perceive":{"count":4836,"self":0.0127435,"total":0.0127435,"children":null}}},"AgentAct":{"count":4026,"self":0.057428,"total":0.057428,"children":null}},"gauges":{},"metadata":{"timer_format_version":"0.1.0","start_time_seconds":"1646675354","unity_version":"2020.3.17f1","command_line_arguments":"C:\\Program Files\\Unity\\Hub\\Editor\\2020.3.17f1\\Editor\\Unity.exe -projectpath C:\/school\/programming\/week05\/walkerKaitlin_advancedProgramming_week05 -useHub -hubIPC -cloudEnvironment production -hubSessionId 29125ff0-9e38-11ec-b4c9-4b2bcc7ebd12","communication_protocol_version":"1.5.0","com.unity.ml-agents_version":"2.2.1-exp.1","scene_name":"HomeworkScene","end_time_seconds":"1646675439"}}